case	tokens	channels	router	active_experts	max_rows	simt_us	tc_us	simt_vs_tc_pct	winner	simt_key	tc_key	simt_round_span_pct	tc_round_span_pct	tc_scope
n512-k2048-t1-ch1-spread	1	1	spread	8	1	8.012187201529741	20.26812545955181	-60.46902700736039	SIMT	simt:r2-v6-w8-p8	tc:fqg_q12_l1_tm16_tn64_tk256_wm16_wn16_s2_ap0_dn64_nonpersistent:s4:b0:g0	0.18721331653225748	0.1942678709393774	NATIVE_FUSED_INDEXED_PREPARE_TC_REDUCE_SCATTER
n512-k2048-t1-ch8-spread	1	8	spread	8	1	8.018437307327986	20.30906267464161	-60.51793509239596	SIMT	simt:r2-v6-w8-p8	tc:fqg_q12_l1_tm8_tn64_tk256_wm8_wn16_s2_ap0_dn64_nonpersistent:s4:b0:g0	0.11691421503678716	0.12309983771035403	NATIVE_FUSED_INDEXED_PREPARE_TC_REDUCE_SCATTER
n512-k2048-t2-ch1-spread	2	1	spread	16	1	11.502187233418226	29.907812364399433	-61.54119501194351	SIMT	simt:r2-v7-w8-p8	tc:fqg_q12_l1_tm16_tn128_tk256_wm16_wn16_s2_ap0_dn32_nonpersistent:s4:b0:g0	0.2173536448819245	0.9403900923322381	NATIVE_FUSED_INDEXED_PREPARE_TC_REDUCE_SCATTER
n512-k2048-t2-ch8-spread	2	8	spread	16	1	11.518750339746475	29.831874184310436	-61.387775140843935	SIMT	simt:r2-v7-w8-p8	tc:fqg_q12_l1_tm16_tn64_tk256_wm16_wn16_s2_ap0_dn64_nonpersistent:s2:b0:g0	0.2713013831317243	0.098464862857396	NATIVE_FUSED_INDEXED_PREPARE_TC_REDUCE_SCATTER
n512-k2048-t3-ch1-spread	3	1	spread	24	1	15.731249935925007	39.02968764305115	-59.694143392085785	SIMT	simt:r2-v7-w4-p8	tc:fqg_q12_l1_tm16_tn64_tk256_wm16_wn16_s2_ap0_dn64_nonpersistent:s2:b0:g0	0.21851484382404884	0.08647553219676868	NATIVE_FUSED_INDEXED_PREPARE_TC_REDUCE_SCATTER
n512-k2048-t3-ch8-spread	3	8	spread	24	1	15.757499262690544	39.160313084721565	-59.76155954473625	SIMT	simt:r2-v7-w4-p8	tc:fqg_q12_l1_tm16_tn64_tk256_wm16_wn16_s2_ap0_dn64_nonpersistent:s2:b0:g0	0.1665889850318148	0.12608427697958807	NATIVE_FUSED_INDEXED_PREPARE_TC_REDUCE_SCATTER
n512-k2048-t4-ch1-spread	4	1	spread	32	1	18.897811882197857	51.205623894929886	-63.0942649561799	SIMT	simt:r2-v7-w4-p8	tc:fqg_q12_l1_tm16_tn128_tk256_wm16_wn16_s2_ap0_dn32_nonpersistent:s2:b0:g0	0.37702725951834404	8.902829709273753	NATIVE_FUSED_INDEXED_PREPARE_TC_REDUCE_SCATTER
n512-k2048-t4-ch8-spread	4	8	spread	32	1	18.90250016003847	50.561875104904175	-62.615112432400565	SIMT	simt:r2-v7-w4-p8	tc:fqg_q12_l1_tm16_tn128_tk256_wm16_wn16_s2_ap0_dn32_nonpersistent:s2:b0:g0	0.36370973086120423	6.608240130851863	NATIVE_FUSED_INDEXED_PREPARE_TC_REDUCE_SCATTER
n512-k2048-t5-ch1-spread	5	1	spread	40	1	22.201250307261944	38.51875104010105	-42.362486561029215	SIMT	simt:r2-v7-w4-p8	tc:fqg_q12_l1_tm8_tn64_tk256_wm8_wn16_s2_ap0_dn64_nonpersistent:s1:b0:g0	1.2302246152228855	0.17199561480816092	GPU_RANK_GATHER_METADATA_DIRECTORY_TC_REDUCER_SCATTER
n512-k2048-t5-ch8-spread	5	8	spread	40	1	22.253749892115593	39.48531299829483	-43.64043690605512	SIMT	simt:r2-v7-w4-p8	tc:fqg_q12_l1_tm8_tn64_tk256_wm8_wn16_s2_ap0_dn64_nonpersistent:s1:b0:g0	1.0054496416832763	0.09022329676284888	GPU_RANK_GATHER_METADATA_DIRECTORY_TC_REDUCER_SCATTER
n512-k2048-t6-ch1-spread	6	1	spread	48	1	27.901561930775642	40.665311738848686	-31.38731577921111	SIMT	simt:r2-v7-w2-p4	tc:fqg_q12_l1_tm8_tn64_tk256_wm8_wn16_s2_ap0_dn64_nonpersistent:s1:b0:g0	0.8467284402715518	0.31814733797229877	GPU_RANK_GATHER_METADATA_DIRECTORY_TC_REDUCER_SCATTER
n512-k2048-t6-ch8-spread	6	8	spread	48	1	28.070000000298023	41.73906333744526	-32.74885022368086	SIMT	simt:r2-v7-w2-p4	tc:fqg_q12_l1_tm8_tn64_tk256_wm8_wn16_s2_ap0_dn64_nonpersistent:s1:b0:g0	0.8505526538496286	0.15273675971637357	GPU_RANK_GATHER_METADATA_DIRECTORY_TC_REDUCER_SCATTER
n512-k2048-t7-ch1-spread	7	1	spread	56	1	32.032499089837074	45.56437395513058	-29.698366707768198	SIMT	simt:r2-v7-w2-p8	tc:fqg_q12_l1_tm16_tn128_tk256_wm16_wn16_s2_ap0_dn32_nonpersistent:s1:b0:g0	0.6106999132480956	0.16323152136806082	GPU_RANK_GATHER_METADATA_DIRECTORY_TC_REDUCER_SCATTER
n512-k2048-t7-ch8-spread	7	8	spread	56	1	32.020626589655876	46.515000984072685	-31.160645141940048	SIMT	simt:r2-v7-w2-p8	tc:fqg_q12_l1_tm16_tn128_tk256_wm16_wn16_s2_ap0_dn32_nonpersistent:s1:b0:g0	0.8666307601624879	0.11689634751371616	GPU_RANK_GATHER_METADATA_DIRECTORY_TC_REDUCER_SCATTER
n512-k2048-t8-ch1-spread	8	1	spread	64	1	33.553123474121094	47.87375032901764	-29.913317332518254	SIMT	simt:r2-v7-w2-p8	tc:fqg_q12_l1_tm16_tn128_tk256_wm16_wn16_s2_ap0_dn32_nonpersistent:s1:b0:g0	0.5569428950061109	0.10705771654403559	GPU_RANK_GATHER_METADATA_DIRECTORY_TC_REDUCER_SCATTER
n512-k2048-t8-ch8-spread	8	8	spread	64	1	33.646250143647194	48.999687656760216	-31.333745677447787	SIMT	simt:r2-v7-w2-p8	tc:fqg_q12_l1_tm16_tn128_tk256_wm16_wn16_s2_ap0_dn32_nonpersistent:s1:b0:g0	0.5126858610805665	0.12117154132245683	GPU_RANK_GATHER_METADATA_DIRECTORY_TC_REDUCER_SCATTER
n512-k2048-t8-ch1-cluster	8	1	cluster	8	8	26.959999464452267	29.160313308238983	-7.545576827410283	SIMT	simt:r2-v6-w2-p8	tc:fqg_q12_l1_tm8_tn64_tk256_wm8_wn16_s2_ap0_dn64_nonpersistent:s4:b0:g0	0.0417298847360476	0.19718531535980988	GPU_RANK_GATHER_METADATA_DIRECTORY_TC_REDUCER_SCATTER
n512-k2048-t8-ch8-cluster	8	8	cluster	8	8	27.03343704342842	29.861874878406525	-9.471735604328646	SIMT	simt:r2-v6-w2-p8	tc:fqg_q12_l1_tm16_tn64_tk256_wm16_wn16_s2_ap0_dn64_nonpersistent:s4:b0:g0	0.0485480174067311	0.20720470320182696	GPU_RANK_GATHER_METADATA_DIRECTORY_TC_REDUCER_SCATTER
n512-k3072-t1-ch1-spread	1	1	spread	8	1	11.415454474362459	22.704091261733662	-49.72071622350065	SIMT	simt:r0-v0-w4-p1	tc:fqg_q12_l1_tm16_tn64_tk256_wm16_wn16_s2_ap0_dn64_nonpersistent:s4:b0:g0	0.3265035849652212	0.16416366402510724	NATIVE_FUSED_INDEXED_PREPARE_TC_REDUCE_SCATTER
n512-k3072-t1-ch8-spread	1	8	spread	8	1	11.499545113606887	22.870000113140453	-49.71777412891408	SIMT	simt:r0-v0-w4-p1	tc:fqg_q12_l1_tm16_tn64_tk256_wm16_wn16_s2_ap0_dn64_nonpersistent:s4:b0:g0	0.26088076649893543	0.19478069017543662	NATIVE_FUSED_INDEXED_PREPARE_TC_REDUCE_SCATTER
n512-k3072-t2-ch1-spread	2	1	spread	16	1	16.81954549117522	33.37045420299877	-49.59749307318759	SIMT	simt:r2-v7-w4-p4	tc:fqg_q12_l1_tm16_tn128_tk256_wm16_wn16_s2_ap0_dn32_nonpersistent:s4:b0:g0	0.08647610593190852	0.11714709913369083	NATIVE_FUSED_INDEXED_PREPARE_TC_REDUCE_SCATTER
n512-k3072-t2-ch8-spread	2	8	spread	16	1	16.84363592754711	33.471818674694404	-49.67815734410228	SIMT	simt:r2-v7-w4-p4	tc:fqg_q12_l1_tm16_tn128_tk256_wm16_wn16_s2_ap0_dn32_nonpersistent:s4:b0:g0	0.21048855832387858	0.1629620977745895	NATIVE_FUSED_INDEXED_PREPARE_TC_REDUCE_SCATTER
n512-k3072-t3-ch1-spread	3	1	spread	24	1	21.768181838772513	44.56227340481498	-51.15109671128124	SIMT	simt:r2-v6-w4-p8	tc:fqg_q12_l1_tm16_tn64_tk256_wm16_wn16_s2_ap0_dn64_nonpersistent:s2:b0:g0	0.26310553080758586	0.13464349614185975	NATIVE_FUSED_INDEXED_PREPARE_TC_REDUCE_SCATTER
n512-k3072-t3-ch8-spread	3	8	spread	24	1	21.78545431657271	44.838180596178226	-51.41316166956697	SIMT	simt:r2-v7-w4-p8	tc:fqg_q12_l1_tm8_tn64_tk256_wm8_wn16_s2_ap0_dn16_nonpersistent:s2:b0:g0	0.029206624462876682	0.07704059462288042	NATIVE_FUSED_INDEXED_PREPARE_TC_REDUCE_SCATTER
n512-k3072-t4-ch1-spread	4	1	spread	32	1	25.639999996532094	54.59272861480713	-53.034038328727576	SIMT	simt:r2-v7-w4-p8	tc:fqg_q12_l1_tm16_tn128_tk256_wm16_wn16_s2_ap0_dn32_nonpersistent:s2:b0:g0	0.1347359994386893	0.26143780470060485	NATIVE_FUSED_INDEXED_PREPARE_TC_REDUCE_SCATTER
n512-k3072-t4-ch8-spread	4	8	spread	32	1	25.67136423154311	53.212274204600945	-51.75668656288428	SIMT	simt:r2-v7-w4-p8	tc:fqg_q12_l1_tm16_tn128_tk256_wm16_wn16_s2_ap0_dn32_nonpersistent:s2:b0:g0	0.18060701921005998	0.17767292459327363	NATIVE_FUSED_INDEXED_PREPARE_TC_REDUCE_SCATTER
n512-k3072-t5-ch1-spread	5	1	spread	40	1	30.55000034245578	48.65181987935846	-37.20687033247601	SIMT	simt:r2-v6-w4-p8	tc:fqg_q12_l1_tm8_tn64_tk256_wm8_wn16_s2_ap0_dn32_nonpersistent:s1:b0:g0	0.20533050513538575	0.06165728683658401	GPU_RANK_GATHER_METADATA_DIRECTORY_TC_REDUCER_SCATTER
n512-k3072-t5-ch8-spread	5	8	spread	40	1	30.62954545021057	50.31090974807739	-39.119476066756945	SIMT	simt:r2-v6-w4-p8	tc:fqg_q12_l1_tm8_tn64_tk256_wm8_wn16_s2_ap0_dn64_nonpersistent:s1:b0:g0	0.1899547001161509	0.1499755461775553	GPU_RANK_GATHER_METADATA_DIRECTORY_TC_REDUCER_SCATTER
n512-k3072-t6-ch1-spread	6	1	spread	48	1	38.22954540902918	51.01090669631958	-25.05613429571244	SIMT	simt:r2-v7-w2-p4	tc:fqg_q12_l1_tm8_tn64_tk256_wm8_wn16_s2_ap0_dn32_nonpersistent:s1:b0:g0	0.1569472046569667	0.08554252689416088	GPU_RANK_GATHER_METADATA_DIRECTORY_TC_REDUCER_SCATTER
n512-k3072-t6-ch8-spread	6	8	spread	48	1	38.20681842890653	52.337272600694135	-26.998835570962086	SIMT	simt:r2-v7-w2-p4	tc:fqg_q12_l1_tm8_tn64_tk256_wm8_wn16_s2_ap0_dn32_nonpersistent:s1:b0:g0	0.428291156012416	0.12505680046955006	GPU_RANK_GATHER_METADATA_DIRECTORY_TC_REDUCER_SCATTER
n512-k3072-t7-ch1-spread	7	1	spread	56	1	43.433182618834756	57.04909021204168	-23.867002160067642	SIMT	simt:r2-v7-w2-p4	tc:fqg_q12_l1_tm16_tn128_tk256_wm16_wn16_s2_ap0_dn32_nonpersistent:s1:b0:g0	0.410245476403762	0.17369253789806025	GPU_RANK_GATHER_METADATA_DIRECTORY_TC_REDUCER_SCATTER
n512-k3072-t7-ch8-spread	7	8	spread	56	1	43.64681785756891	58.45772678201848	-25.33610138430047	SIMT	simt:r2-v7-w2-p4	tc:fqg_q12_l1_tm16_tn128_tk256_wm16_wn16_s2_ap0_dn32_nonpersistent:s1:b0:g0	0.39365645631225404	0.08087437387244471	GPU_RANK_GATHER_METADATA_DIRECTORY_TC_REDUCER_SCATTER
n512-k3072-t8-ch1-spread	8	1	spread	64	1	48.09227314862338	59.95272506367076	-19.783007198507484	SIMT	simt:r2-v7-w2-p8	tc:fqg_q12_l1_tm16_tn128_tk256_wm16_wn16_s2_ap0_dn32_nonpersistent:s1:b0:g0	0.1644545783237356	0.09401460814563208	GPU_RANK_GATHER_METADATA_DIRECTORY_TC_REDUCER_SCATTER
n512-k3072-t8-ch8-spread	8	8	spread	64	1	48.012272878126666	61.22727285731923	-21.583518851130435	SIMT	simt:r2-v7-w2-p8	tc:fqg_q12_l1_tm16_tn128_tk256_wm16_wn16_s2_ap0_dn32_nonpersistent:s1:b0:g0	0.3786974635565004	0.10393421629627375	GPU_RANK_GATHER_METADATA_DIRECTORY_TC_REDUCER_SCATTER
n512-k3072-t8-ch1-cluster	8	1	cluster	8	8	38.74181752855127	31.880000775510617	21.523891424468623	TC	simt:r2-v6-w2-p8	tc:fqg_q12_l1_tm16_tn64_tk256_wm16_wn16_s2_ap0_dn64_nonpersistent:s4:b0:g0	0.03754661901577824	0.16824357304579177	GPU_RANK_GATHER_METADATA_DIRECTORY_TC_REDUCER_SCATTER
n512-k3072-t8-ch8-cluster	8	8	cluster	8	8	38.804544643922284	33.171819014982745	16.980454482750563	TC	simt:r2-v6-w2-p8	tc:fqg_q12_l1_tm16_tn64_tk256_wm16_wn16_s2_ap0_dn64_nonpersistent:s4:b0:g0	0.07964973665247932	0.06850883112973723	GPU_RANK_GATHER_METADATA_DIRECTORY_TC_REDUCER_SCATTER
n2048-k512-t1-ch1-spread	1	1	spread	8	1	7.7731250785291195	20.327812992036343	-61.761134453694886	SIMT	simt:r2-v6-w2-p8	tc:fqg_q12_l1_tm8_tn64_tk256_wm8_wn16_s2_ap0_dn64_nonpersistent:s1:b0:g0	0.17689212964812856	0.2828629709417628	NATIVE_FUSED_INDEXED_PREPARE_TC_REDUCE_SCATTER
n2048-k512-t1-ch8-spread	1	8	spread	8	1	7.765624905005097	20.40218748152256	-61.93729269453036	SIMT	simt:r2-v6-w2-p8	tc:fqg_q12_l1_tm8_tn64_tk256_wm8_wn16_s2_ap0_dn64_nonpersistent:s1:b0:g0	0.16901574830889057	0.070462519152832	NATIVE_FUSED_INDEXED_PREPARE_TC_REDUCE_SCATTER
n2048-k512-t2-ch1-spread	2	1	spread	16	1	11.340937577188015	29.94187455624342	-62.12348844129658	SIMT	simt:r2-v7-w2-p8	tc:fqg_q12_l1_tm16_tn128_tk256_wm16_wn16_s2_ap0_dn64_persistent:s1:b4:g2	0.7439863831201802	0.16490282705268577	NATIVE_FUSED_INDEXED_PREPARE_TC_REDUCE_SCATTER
n2048-k512-t2-ch8-spread	2	8	spread	16	1	11.423124931752682	30.00718727707863	-61.932037060739844	SIMT	simt:r2-v7-w2-p8	tc:fqg_q12_l1_tm16_tn128_tk256_wm16_wn16_s2_ap0_dn64_persistent:s1:b4:g3	1.0669123859492902	0.21661098898534115	NATIVE_FUSED_INDEXED_PREPARE_TC_REDUCE_SCATTER
n2048-k512-t3-ch1-spread	3	1	spread	24	1	15.796875581145287	41.34156368672848	-61.78936118418661	SIMT	simt:r2-v6-w2-p8	tc:fqg_q12_l1_tm16_tn128_tk256_wm16_wn16_s2_ap0_dn64_persistent:s1:b4:g3	0.9930805554091479	0.23886371589599373	NATIVE_FUSED_INDEXED_PREPARE_TC_REDUCE_SCATTER
n2048-k512-t3-ch8-spread	3	8	spread	24	1	15.835937112569809	41.40624962747097	-61.754717572722505	SIMT	simt:r2-v6-w2-p8	tc:fqg_q12_l1_tm16_tn128_tk256_wm16_wn16_s2_ap0_dn64_persistent:s1:b4:g3	1.4050229514644688	0.4452849374202957	NATIVE_FUSED_INDEXED_PREPARE_TC_REDUCE_SCATTER
n2048-k512-t4-ch1-spread	4	1	spread	32	1	22.78468757867813	49.90281164646149	-54.341876084864346	SIMT	simt:r2-v7-w2-p8	tc:fqg_q12_l1_tm16_tn128_tk256_wm16_wn16_s2_ap0_dn64_persistent:s1:b4:g2	0.6007307129994386	0.12524183162278238	NATIVE_FUSED_INDEXED_PREPARE_TC_REDUCE_SCATTER
n2048-k512-t4-ch8-spread	4	8	spread	32	1	22.76156283915043	49.95406232774258	-54.4350113313817	SIMT	simt:r2-v7-w2-p8	tc:fqg_q12_l1_tm16_tn128_tk256_wm16_wn16_s2_ap0_dn64_persistent:s1:b4:g3	0.4146310386864311	0.4979551161769116	NATIVE_FUSED_INDEXED_PREPARE_TC_REDUCE_SCATTER
n2048-k512-t5-ch1-spread	5	1	spread	40	1	24.44156166166067	42.21093840897083	-42.09661622574528	SIMT	simt:r2-v7-w2-p8	tc:fqg_q12_l1_tm16_tn128_tk256_wm16_wn16_s2_ap0_dn64_persistent:s1:b3:g2	0.16364928922413174	0.17915591528925848	GPU_RANK_GATHER_METADATA_DIRECTORY_TC_REDUCER_SCATTER
n2048-k512-t5-ch8-spread	5	8	spread	40	1	24.495000019669533	42.38656163215637	-42.21045756849852	SIMT	simt:r2-v7-w2-p8	tc:fqg_q12_l1_tm16_tn128_tk256_wm16_wn16_s2_ap0_dn64_persistent:s1:b4:g3	0.2143239579053603	0.2197036119351144	GPU_RANK_GATHER_METADATA_DIRECTORY_TC_REDUCER_SCATTER
n2048-k512-t6-ch1-spread	6	1	spread	48	1	28.289062902331352	46.02281376719475	-38.53252205432099	SIMT	simt:r2-v6-w2-p8	tc:fqg_q12_l1_tm16_tn128_tk256_wm16_wn16_s2_ap0_dn64_persistent:s1:b4:g2	0.33803289860296987	0.3449365820649004	GPU_RANK_GATHER_METADATA_DIRECTORY_TC_REDUCER_SCATTER
n2048-k512-t6-ch8-spread	6	8	spread	48	1	28.51062547415495	46.381875872612	-38.530676179507076	SIMT	simt:r2-v6-w2-p8	tc:fqg_q12_l1_tm16_tn128_tk256_wm16_wn16_s2_ap0_dn64_persistent:s1:b4:g2	0.16879728845060232	0.37595959693314507	GPU_RANK_GATHER_METADATA_DIRECTORY_TC_REDUCER_SCATTER
n2048-k512-t7-ch1-spread	7	1	spread	56	1	32.79406204819679	53.942812606692314	-39.20587291711174	SIMT	simt:r2-v7-w2-p8	tc:fqg_q12_l1_tm16_tn128_tk256_wm16_wn16_s2_ap0_dn64_persistent:s1:b4:g2	0.08767376996870076	0.2815506882916067	GPU_RANK_GATHER_METADATA_DIRECTORY_TC_REDUCER_SCATTER
n2048-k512-t7-ch8-spread	7	8	spread	56	1	32.78031200170517	54.25281263887882	-39.5785943488319	SIMT	simt:r2-v7-w2-p8	tc:fqg_q12_l1_tm16_tn128_tk256_wm16_wn16_s2_ap0_dn64_persistent:s1:b4:g2	0.07055028082602924	0.2799350439185523	GPU_RANK_GATHER_METADATA_DIRECTORY_TC_REDUCER_SCATTER
n2048-k512-t8-ch1-spread	8	1	spread	64	1	34.87468883395195	56.39343708753586	-38.15824919517099	SIMT	simt:r2-v7-w2-p8	tc:fqg_q12_l1_tm16_tn128_tk256_wm16_wn16_s2_ap0_dn64_persistent:s1:b4:g2	0.07705945231815534	0.24271373268777022	GPU_RANK_GATHER_METADATA_DIRECTORY_TC_REDUCER_SCATTER
n2048-k512-t8-ch8-spread	8	8	spread	64	1	34.81468744575977	56.664999574422836	-38.56050876690688	SIMT	simt:r2-v7-w2-p8	tc:fqg_q12_l1_tm16_tn128_tk256_wm16_wn16_s2_ap0_dn64_persistent:s1:b4:g2	0.11848487664620067	0.15110879405846928	GPU_RANK_GATHER_METADATA_DIRECTORY_TC_REDUCER_SCATTER
n2048-k512-t8-ch1-cluster	8	1	cluster	8	8	28.92218716442585	25.557812303304672	13.163782647727462	TC	simt:r2-v7-w2-p8	tc:fqg_q12_l1_tm16_tn128_tk256_wm16_wn16_s2_ap0_dn64_persistent:s1:b2:g3	0.10804714557370897	0.08558989467866111	GPU_RANK_GATHER_METADATA_DIRECTORY_TC_REDUCER_SCATTER
n2048-k512-t8-ch8-cluster	8	8	cluster	8	8	29.120000079274178	25.747813284397125	13.096983256906558	TC	simt:r2-v7-w2-p8	tc:fqg_q12_l1_tm16_tn128_tk256_wm16_wn16_s2_ap0_dn64_persistent:s1:b2:g3	0.06653583375533888	0.2937152560048822	GPU_RANK_GATHER_METADATA_DIRECTORY_TC_REDUCER_SCATTER
n3072-k512-t1-ch1-spread	1	1	spread	8	1	9.619091044772755	22.471818056973543	-57.19486950105615	SIMT	simt:r2-v7-w2-p8	tc:fqg_q12_l1_tm8_tn64_tk256_wm8_wn16_s2_ap0_dn32_nonpersistent:s1:b0:g0	0.40638441728094443	0.1294500332757796	NATIVE_FUSED_INDEXED_PREPARE_TC_REDUCE_SCATTER
n3072-k512-t1-ch8-spread	1	8	spread	8	1	9.610908952626316	22.557727315209128	-57.394161130113766	SIMT	simt:r2-v7-w2-p8	tc:fqg_q12_l1_tm8_tn64_tk256_wm8_wn16_s2_ap0_dn32_nonpersistent:s1:b0:g0	0.5959196019478697	0.16119929440553377	NATIVE_FUSED_INDEXED_PREPARE_TC_REDUCE_SCATTER
n3072-k512-t2-ch1-spread	2	1	spread	16	1	15.600908886302602	36.17227212949233	-56.87053102317363	SIMT	simt:r2-v6-w2-p8	tc:fqg_q12_l1_tm16_tn128_tk256_wm16_wn16_s2_ap0_dn64_persistent:s1:b4:g3	0.6293289866619749	0.2010539848636919	NATIVE_FUSED_INDEXED_PREPARE_TC_REDUCE_SCATTER
n3072-k512-t2-ch8-spread	2	8	spread	16	1	15.612272376363928	36.27500073476271	-56.96134511335096	SIMT	simt:r2-v6-w2-p8	tc:fqg_q12_l1_tm16_tn128_tk256_wm16_wn16_s2_ap0_dn64_persistent:s1:b4:g3	0.652168225944412	0.16039217099486083	NATIVE_FUSED_INDEXED_PREPARE_TC_REDUCE_SCATTER
n3072-k512-t3-ch1-spread	3	1	spread	24	1	23.806364698843524	46.257726170799955	-48.53537631542465	SIMT	simt:r2-v7-w2-p8	tc:fqg_q12_l1_tm16_tn128_tk256_wm16_wn16_s2_ap0_dn64_persistent:s1:b4:g3	0.9317621078971029	0.8666912776627049	NATIVE_FUSED_INDEXED_PREPARE_TC_REDUCE_SCATTER
n3072-k512-t3-ch8-spread	3	8	spread	24	1	23.76545423811132	46.468182043595746	-48.85650095840863	SIMT	simt:r2-v7-w2-p8	tc:fqg_q12_l1_tm16_tn128_tk256_wm16_wn16_s2_ap0_dn64_persistent:s1:b4:g2	0.9027680124243607	0.2777974069443377	NATIVE_FUSED_INDEXED_PREPARE_TC_REDUCE_SCATTER
n3072-k512-t4-ch1-spread	4	1	spread	32	1	28.417273001237348	58.548179539767176	-51.46343878730555	SIMT	simt:r2-v6-w2-p8	tc:fqg_q12_l1_tm16_tn128_tk256_wm16_wn16_s2_ap0_dn64_persistent:s1:b4:g3	0.26872524735955833	0.14440496694594576	NATIVE_FUSED_INDEXED_PREPARE_TC_REDUCE_SCATTER
n3072-k512-t4-ch8-spread	4	8	spread	32	1	28.47590907053514	58.69818275625056	-51.487579796492355	SIMT	simt:r2-v6-w2-p8	tc:fqg_q12_l1_tm16_tn128_tk256_wm16_wn16_s2_ap0_dn64_persistent:s1:b4:g3	0.32882598201926755	0.21063052256623283	NATIVE_FUSED_INDEXED_PREPARE_TC_REDUCE_SCATTER
n3072-k512-t5-ch1-spread	5	1	spread	40	1	34.540000286969274	53.656364029104054	-35.62739311177657	SIMT	simt:r2-v7-w2-p8	tc:fqg_q12_l1_tm16_tn128_tk256_wm16_wn16_s2_ap0_dn64_persistent:s1:b4:g3	0.49481236122572897	0.5099750829319293	GPU_RANK_GATHER_METADATA_DIRECTORY_TC_REDUCER_SCATTER
n3072-k512-t5-ch8-spread	5	8	spread	40	1	34.60090946067463	53.73954502019015	-35.61369109530991	SIMT	simt:r2-v7-w2-p8	tc:fqg_q12_l1_tm16_tn128_tk256_wm16_wn16_s2_ap0_dn64_persistent:s1:b4:g2	0.29951877874764654	0.46690733982553057	GPU_RANK_GATHER_METADATA_DIRECTORY_TC_REDUCER_SCATTER
n3072-k512-t6-ch1-spread	6	1	spread	48	1	40.346817536787555	57.721365581859246	-30.10072244467513	SIMT	simt:r2-v6-w2-p8	tc:fqg_q12_l1_tm16_tn128_tk256_wm16_wn16_s2_ap0_dn64_persistent:s1:b4:g2	0.09237870636235128	0.1748237634149991	GPU_RANK_GATHER_METADATA_DIRECTORY_TC_REDUCER_SCATTER
n3072-k512-t6-ch8-spread	6	8	spread	48	1	40.381817655129865	58.30045450817455	-30.7349865523471	SIMT	simt:r2-v6-w2-p8	tc:fqg_q12_l1_tm16_tn128_tk256_wm16_wn16_s2_ap0_dn64_persistent:s1:b4:g3	0.141832756301892	0.5956607357579671	GPU_RANK_GATHER_METADATA_DIRECTORY_TC_REDUCER_SCATTER
n3072-k512-t7-ch1-spread	7	1	spread	56	1	44.56818103790283	65.10272893038663	-31.54176211943601	SIMT	simt:r2-v7-w2-p8	tc:fqg_q12_l1_tm16_tn128_tk256_wm16_wn16_s2_ap0_dn64_persistent:s1:b4:g3	0.1733793068231854	0.180138144474741	GPU_RANK_GATHER_METADATA_DIRECTORY_TC_REDUCER_SCATTER
n3072-k512-t7-ch8-spread	7	8	spread	56	1	44.54636438326402	65.4113617810336	-31.898124163223752	SIMT	simt:r2-v7-w2-p8	tc:fqg_q12_l1_tm16_tn128_tk256_wm16_wn16_s2_ap0_dn64_persistent:s1:b4:g3	0.17346421962158876	0.16121274797611593	GPU_RANK_GATHER_METADATA_DIRECTORY_TC_REDUCER_SCATTER
n3072-k512-t8-ch1-spread	8	1	spread	64	1	50.793636928905144	73.80545410242948	-31.17901983447975	SIMT	simt:r2-v7-w2-p8	tc:fqg_q12_l1_tm16_tn128_tk256_wm16_wn16_s2_ap0_dn64_persistent:s1:b4:g3	0.27383380339567653	0.10223372052811384	GPU_RANK_GATHER_METADATA_DIRECTORY_TC_REDUCER_SCATTER
n3072-k512-t8-ch8-spread	8	8	spread	64	1	50.88681795380332	74.16181672703136	-31.384073099094532	SIMT	simt:r2-v7-w2-p8	tc:fqg_q12_l1_tm16_tn128_tk256_wm16_wn16_s2_ap0_dn64_persistent:s1:b4:g3	0.31800218301726674	0.09806731690757615	GPU_RANK_GATHER_METADATA_DIRECTORY_TC_REDUCER_SCATTER
n3072-k512-t8-ch1-cluster	8	1	cluster	8	8	42.65545444055037	27.826817198233172	53.289016622636694	TC	simt:r2-v6-w2-p8	tc:fqg_q12_l1_tm16_tn128_tk256_wm16_wn16_s2_ap0_dn64_persistent:s1:b4:g3	0.10229880129508583	0.23849063613908053	GPU_RANK_GATHER_METADATA_DIRECTORY_TC_REDUCER_SCATTER
n3072-k512-t8-ch8-cluster	8	8	cluster	8	8	42.80272803523324	28.009544719349254	52.8147939001119	TC	simt:r2-v6-w2-p8	tc:fqg_q12_l1_tm16_tn128_tk256_wm16_wn16_s2_ap0_dn64_persistent:s1:b4:g3	0.12318309913449271	0.2661465805556963	GPU_RANK_GATHER_METADATA_DIRECTORY_TC_REDUCER_SCATTER
n1024-k2048-t1-ch1-spread	1	1	spread	8	1	11.332500260323286	24.376249872148037	-53.51007509456307	SIMT	simt:r2-v7-w8-p8	tc:fqg_q12_l1_tm16_tn128_tk256_wm16_wn16_s2_ap0_dn32_nonpersistent:s4:b0:g0	0.25369448239977066	0.3435725933403859	NATIVE_FUSED_INDEXED_PREPARE_TC_REDUCE_SCATTER
n1024-k2048-t1-ch8-spread	1	8	spread	8	1	11.466874741017818	24.408750236034393	-53.0214589844531	SIMT	simt:r2-v7-w8-p8	tc:fqg_q12_l1_tm16_tn128_tk256_wm16_wn16_s2_ap0_dn32_nonpersistent:s4:b0:g0	0.25072156562013626	0.12290577142792605	NATIVE_FUSED_INDEXED_PREPARE_TC_REDUCE_SCATTER
n1024-k2048-t2-ch1-spread	2	1	spread	16	1	19.41874995827675	36.611875519156456	-46.96051572633513	SIMT	simt:r2-v7-w4-p8	tc:fqg_q12_l1_tm16_tn128_tk256_wm16_wn16_s2_ap0_dn32_nonpersistent:s2:b0:g0	0.23816918779415044	0.1809537526510554	NATIVE_FUSED_INDEXED_PREPARE_TC_REDUCE_SCATTER
n1024-k2048-t2-ch8-spread	2	8	spread	16	1	19.48125008493662	36.63312457501888	-46.82067033336978	SIMT	simt:r2-v7-w4-p8	tc:fqg_q12_l1_tm16_tn128_tk256_wm16_wn16_s2_ap0_dn32_nonpersistent:s2:b0:g0	0.3144111533924188	0.12625043479622655	NATIVE_FUSED_INDEXED_PREPARE_TC_REDUCE_SCATTER
n1024-k2048-t3-ch1-spread	3	1	spread	24	1	29.516874812543392	51.06937512755394	-42.2023967616203	SIMT	simt:r2-v6-w8-p8	tc:fqg_q12_l1_tm8_tn64_tk256_wm8_wn16_s2_ap0_dn64_nonpersistent:s1:b0:g0	0.3218514532773484	3.1990838606151026	NATIVE_FUSED_INDEXED_PREPARE_TC_REDUCE_SCATTER
n1024-k2048-t3-ch8-spread	3	8	spread	24	1	29.57750018686056	51.04437470436096	-42.05531881197946	SIMT	simt:r2-v6-w8-p8	tc:fqg_q12_l1_tm8_tn64_tk256_wm8_wn16_s2_ap0_dn64_nonpersistent:s1:b0:g0	0.5113701646599713	4.643026042685365	NATIVE_FUSED_INDEXED_PREPARE_TC_REDUCE_SCATTER
n1024-k2048-t4-ch1-spread	4	1	spread	32	1	37.72312588989735	64.44250047206879	-41.462349205013204	SIMT	simt:r2-v7-w8-p8	tc:fqg_q12_l1_tm16_tn128_tk256_wm16_wn32_s2_ap0_dn64_nonpersistent:s1:b0:g0	0.15905236941961934	1.4043522003911055	NATIVE_FUSED_INDEXED_PREPARE_TC_REDUCE_SCATTER
n1024-k2048-t4-ch8-spread	4	8	spread	32	1	37.67937608063221	64.65562805533409	-41.72297568838841	SIMT	simt:r2-v7-w8-p8	tc:fqg_q12_l1_tm16_tn128_tk256_wm16_wn32_s2_ap0_dn64_nonpersistent:s1:b0:g0	0.12274481126341585	0.4156635714398068	NATIVE_FUSED_INDEXED_PREPARE_TC_REDUCE_SCATTER
n1024-k2048-t5-ch1-spread	5	1	spread	40	1	42.29062423110008	62.14062497019768	-31.943677342507502	SIMT	simt:r2-v7-w4-p8	tc:fqg_q12_l1_tm16_tn64_tk256_wm16_wn16_s2_ap0_dn64_nonpersistent:s2:b0:g0	0.14483404821030588	0.24541466877952167	GPU_RANK_GATHER_METADATA_DIRECTORY_TC_REDUCER_SCATTER
n1024-k2048-t5-ch8-spread	5	8	spread	40	1	42.52937622368336	63.49562481045723	-33.019989407712536	SIMT	simt:r2-v7-w4-p8	tc:fqg_q12_l1_tm16_tn64_tk256_wm16_wn16_s2_ap0_dn64_nonpersistent:s2:b0:g0	0.20868238368644035	0.1633960373204763	GPU_RANK_GATHER_METADATA_DIRECTORY_TC_REDUCER_SCATTER
n1024-k2048-t6-ch1-spread	6	1	spread	48	1	53.199999034404755	67.89499893784523	-21.643714755622977	SIMT	simt:r2-v7-w8-p8	tc:fqg_q12_l1_tm8_tn64_tk256_wm8_wn16_s2_ap0_dn64_nonpersistent:s1:b0:g0	0.07048641508445695	0.30746059419739186	GPU_RANK_GATHER_METADATA_DIRECTORY_TC_REDUCER_SCATTER
n1024-k2048-t6-ch8-spread	6	8	spread	48	1	53.31999994814396	68.9656250178814	-22.68612089817331	SIMT	simt:r2-v7-w8-p8	tc:fqg_q12_l1_tm8_tn64_tk256_wm8_wn16_s2_ap0_dn64_nonpersistent:s1:b0:g0	0.32586508810867004	0.29905764216676023	GPU_RANK_GATHER_METADATA_DIRECTORY_TC_REDUCER_SCATTER
n1024-k2048-t7-ch1-spread	7	1	spread	56	1	58.893751353025436	78.52562516927719	-25.00059537753625	SIMT	simt:r2-v7-w4-p8	tc:fqg_q12_l1_tm16_tn128_tk256_wm16_wn32_s2_ap0_dn64_nonpersistent:s1:b0:g0	0.2886552368875003	0.14327013222884397	GPU_RANK_GATHER_METADATA_DIRECTORY_TC_REDUCER_SCATTER
n1024-k2048-t7-ch8-spread	7	8	spread	56	1	58.9468739926815	79.74312454462051	-26.079051542935726	SIMT	simt:r2-v7-w4-p8	tc:fqg_q12_l1_tm16_tn128_tk256_wm16_wn32_s2_ap0_dn64_nonpersistent:s1:b0:g0	0.7273454157950953	0.14421269817333385	GPU_RANK_GATHER_METADATA_DIRECTORY_TC_REDUCER_SCATTER
n1024-k2048-t8-ch1-spread	8	1	spread	64	1	61.819374561309814	83.10437574982643	-25.612371185594363	SIMT	simt:r2-v7-w4-p8	tc:fqg_q12_l1_tm16_tn128_tk256_wm16_wn32_s2_ap0_dn64_nonpersistent:s1:b0:g0	0.7238778699849685	0.09025396580202195	GPU_RANK_GATHER_METADATA_DIRECTORY_TC_REDUCER_SCATTER
n1024-k2048-t8-ch8-spread	8	8	spread	64	1	61.899375170469284	84.95375141501427	-27.137561155975597	SIMT	simt:r2-v7-w4-p8	tc:fqg_q12_l1_tm16_tn128_tk256_wm16_wn32_s2_ap0_dn64_nonpersistent:s1:b0:g0	0.516965979812093	0.03972882838238024	GPU_RANK_GATHER_METADATA_DIRECTORY_TC_REDUCER_SCATTER
n1024-k2048-t8-ch1-cluster	8	1	cluster	8	8	52.111875265836716	33.56749936938286	55.24503238203173	TC	simt:r2-v6-w4-p8	tc:fqg_q12_l1_tm16_tn64_tk256_wm16_wn16_s2_ap0_dn64_nonpersistent:s2:b0:g0	0.04077584188638309	0.11915824141213337	GPU_RANK_GATHER_METADATA_DIRECTORY_TC_REDUCER_SCATTER
n1024-k2048-t8-ch8-cluster	8	8	cluster	8	8	52.31187492609024	34.12625007331371	53.28925625789003	TC	simt:r2-v6-w4-p8	tc:fqg_q12_l1_tm16_tn64_tk256_wm16_wn16_s2_ap0_dn64_nonpersistent:s2:b0:g0	0.11708856387550755	0.14650634332294965	GPU_RANK_GATHER_METADATA_DIRECTORY_TC_REDUCER_SCATTER
n1024-k3072-t1-ch1-spread	1	1	spread	8	1	16.613333514242463	27.592121651678376	-39.789575720314694	SIMT	simt:r2-v7-w4-p4	tc:fqg_q12_l1_tm8_tn64_tk256_wm8_wn16_s3_ap0_dn64_nonpersistent:s2:b0:g0	0.2845419425934662	0.15814665914610357	NATIVE_FUSED_INDEXED_PREPARE_TC_REDUCE_SCATTER
n1024-k3072-t1-ch8-spread	1	8	spread	8	1	16.955151702418473	27.726060513294104	-38.84759901505369	SIMT	simt:r2-v7-w4-p4	tc:fqg_q12_l1_tm8_tn64_tk256_wm8_wn16_s3_ap0_dn64_nonpersistent:s2:b0:g0	0.14298211562396837	0.2142212933190328	NATIVE_FUSED_INDEXED_PREPARE_TC_REDUCE_SCATTER
n1024-k3072-t2-ch1-spread	2	1	spread	16	1	26.03212089249582	42.443029808275625	-38.66573378458475	SIMT	simt:r2-v7-w4-p8	tc:fqg_q12_l1_tm16_tn128_tk256_wm16_wn16_s2_ap0_dn32_nonpersistent:s2:b0:g0	0.2747242263472327	0.20847284576073793	NATIVE_FUSED_INDEXED_PREPARE_TC_REDUCE_SCATTER
n1024-k3072-t2-ch8-spread	2	8	spread	16	1	26.15757512323784	42.855150771863535	-38.96282091623967	SIMT	simt:r2-v7-w4-p8	tc:fqg_q12_l1_tm16_tn128_tk256_wm16_wn16_s2_ap0_dn32_nonpersistent:s2:b0:g0	0.2177931124248784	0.16970773063261144	NATIVE_FUSED_INDEXED_PREPARE_TC_REDUCE_SCATTER
n1024-k3072-t3-ch1-spread	3	1	spread	24	1	39.75757685574618	59.65333454536669	-33.352297639773475	SIMT	simt:r2-v7-w2-p4	tc:fqg_q12_l1_tm16_tn64_tk256_wm16_wn16_s2_ap0_dn64_nonpersistent:s1:b0:g0	0.26829358266973086	0.13410863132197695	NATIVE_FUSED_INDEXED_PREPARE_TC_REDUCE_SCATTER
n1024-k3072-t3-ch8-spread	3	8	spread	24	1	39.508483626625754	59.86787875493368	-34.007209795503435	SIMT	simt:r2-v7-w2-p4	tc:fqg_q12_l1_tm16_tn64_tk256_wm16_wn16_s2_ap0_dn64_nonpersistent:s1:b0:g0	0.4632665986949285	0.13160062595075084	NATIVE_FUSED_INDEXED_PREPARE_TC_REDUCE_SCATTER
n1024-k3072-t4-ch1-spread	4	1	spread	32	1	48.0369690692786	74.32909084088874	-35.37258625682899	SIMT	simt:r2-v7-w2-p8	tc:fqg_q12_l1_tm16_tn128_tk256_wm16_wn32_s2_ap0_dn64_nonpersistent:s1:b0:g0	0.14382842140149563	1.2214279288655705	NATIVE_FUSED_INDEXED_PREPARE_TC_REDUCE_SCATTER
n1024-k3072-t4-ch8-spread	4	8	spread	32	1	47.98424243927002	73.43878529288551	-34.660898532156736	SIMT	simt:r2-v7-w2-p8	tc:fqg_q12_l1_tm16_tn128_tk256_wm16_wn32_s2_ap0_dn64_nonpersistent:s1:b0:g0	0.11367748703193373	0.28883959136872295	NATIVE_FUSED_INDEXED_PREPARE_TC_REDUCE_SCATTER
n1024-k3072-t5-ch1-spread	5	1	spread	40	1	58.34242430600253	78.22000257896654	-25.412397874695447	SIMT	simt:r2-v6-w2-p8	tc:fqg_q12_l1_tm8_tn64_tk256_wm8_wn16_s2_ap0_dn64_nonpersistent:s2:b0:g0	0.43213909191040184	0.09297480060549353	GPU_RANK_GATHER_METADATA_DIRECTORY_TC_REDUCER_SCATTER
n1024-k3072-t5-ch8-spread	5	8	spread	40	1	58.901819315823644	79.83696821964148	-26.22237463504704	SIMT	simt:r2-v6-w2-p8	tc:fqg_q12_l1_tm8_tn64_tk256_wm8_wn16_s2_ap0_dn64_nonpersistent:s2:b0:g0	0.3189732801461831	0.11538047004104568	GPU_RANK_GATHER_METADATA_DIRECTORY_TC_REDUCER_SCATTER
n1024-k3072-t6-ch1-spread	6	1	spread	48	1	71.25030503128514	85.87454665790904	-17.029774474246974	SIMT	simt:r2-v7-w4-p8	tc:fqg_q12_l1_tm8_tn64_tk256_wm8_wn16_s2_ap0_dn64_nonpersistent:s1:b0:g0	0.41509244745395013	0.1016231562819714	GPU_RANK_GATHER_METADATA_DIRECTORY_TC_REDUCER_SCATTER
n1024-k3072-t6-ch8-spread	6	8	spread	48	1	71.27818194302645	86.85454455288973	-17.933848700775947	SIMT	simt:r2-v7-w4-p8	tc:fqg_q12_l1_tm8_tn64_tk256_wm8_wn16_s2_ap0_dn64_nonpersistent:s1:b0:g0	0.46084649552522555	0.13956412538177396	GPU_RANK_GATHER_METADATA_DIRECTORY_TC_REDUCER_SCATTER
n1024-k3072-t7-ch1-spread	7	1	spread	56	1	83.61575820229271	99.78545434547193	-16.2044621124812	SIMT	simt:r2-v6-w4-p8	tc:fqg_q12_l1_tm16_tn128_tk256_wm16_wn32_s2_ap0_dn64_nonpersistent:s1:b0:g0	0.5697102509049419	0.1603445532647388	GPU_RANK_GATHER_METADATA_DIRECTORY_TC_REDUCER_SCATTER
n1024-k3072-t7-ch8-spread	7	8	spread	56	1	83.7254524230957	101.52787873239228	-17.53452010577342	SIMT	simt:r2-v6-w4-p8	tc:fqg_q12_l1_tm16_tn128_tk256_wm16_wn32_s2_ap0_dn64_nonpersistent:s1:b0:g0	0.7079451288808487	0.07282596629255908	GPU_RANK_GATHER_METADATA_DIRECTORY_TC_REDUCER_SCATTER
n1024-k3072-t8-ch1-spread	8	1	spread	64	1	87.34727267063025	101.38424237569174	-13.845316960643428	SIMT	simt:r2-v6-w4-p8	tc:fqg_q12_l1_tm16_tn128_tk256_wm16_wn32_s2_ap0_dn64_nonpersistent:s1:b0:g0	1.2697444030513576	0.06814748789603471	GPU_RANK_GATHER_METADATA_DIRECTORY_TC_REDUCER_SCATTER
n1024-k3072-t8-ch8-spread	8	8	spread	64	1	87.66666325655851	103.3684846126672	-15.190143702836611	SIMT	simt:r2-v6-w4-p8	tc:fqg_q12_l1_tm16_tn128_tk256_wm16_wn32_s2_ap0_dn64_nonpersistent:s1:b0:g0	1.4324234940462544	0.07387064717787252	GPU_RANK_GATHER_METADATA_DIRECTORY_TC_REDUCER_SCATTER
n1024-k3072-t8-ch1-cluster	8	1	cluster	8	8	74.1551500378233	38.12484849583019	94.50608451843117	TC	simt:r2-v6-w4-p8	tc:fqg_q12_l1_tm8_tn64_tk256_wm8_wn16_s3_ap0_dn64_nonpersistent:s2:b0:g0	0.10298164500756786	0.25752625184938044	GPU_RANK_GATHER_METADATA_DIRECTORY_TC_REDUCER_SCATTER
n1024-k3072-t8-ch8-cluster	8	8	cluster	8	8	74.43090641137326	39.63575760523479	87.78726813472841	TC	simt:r2-v6-w4-p8	tc:fqg_q12_l1_tm8_tn64_tk256_wm8_wn16_s3_ap0_dn64_nonpersistent:s2:b0:g0	0.08956397670268923	0.131505897463956	GPU_RANK_GATHER_METADATA_DIRECTORY_TC_REDUCER_SCATTER
