M	N	K	status	kpack_key	kpack_us	reference_key	reference_us	tc_best_key	tc_best_us	tc_current_key	tc_current_us	kpack_vs_reference_pct	kpack_vs_tc_best_pct	kpack_vs_tc_current_pct	faster_implementation
2	512	2048	PASS	meta-h0-l1-a1-w16	3.2391406130045652	2-4-2	2.9309765668585896	fqk_tc_q12_l1_a0_tm16_tn32_tk256_wm16_wn16_s3_bc0_ap0_dn32:s4	10.980664286762476	fqk_tc_q12_l1_a0_tm16_tn32_tk256_wm16_wn16_s3_bc0_ap0_dn32:s4	10.980664286762476	10.51403991524451	-70.50141477406383	-70.50141477406383	SIMT
3	512	2048	PASS	meta-h0-l1-a1-w8	3.848437569104135	1-8-1	3.4842969616875052	fqk_tc_q12_l1_a0_tm16_tn32_tk256_wm16_wn16_s3_bc0_ap0_dn32:s4	11.035078205168247	fqk_tc_q12_l1_a0_tm16_tn16_tk256_wm16_wn16_s2_bc0_ap0_dn16:s4	11.254453100264072	10.450906206349009	-65.12541644424658	-65.80520141832716	SIMT
4	512	2048	PASS	meta-h0-l1-a1-w8	4.3056251015514135	4-4-2	3.8300000596791506	fqk_tc_q12_l1_a0_tm16_tn32_tk256_wm16_wn16_s3_bc0_ap0_dn32:s4	11.065390892326832	fqk_tc_q12_l1_a0_tm16_tn16_tk256_wm16_wn16_s2_bc0_ap0_dn16:s4	11.29296887665987	12.418408210471599	-61.08926342098678	-61.87339973591699	SIMT
5	512	2048	PASS	meta-h0-l1-a1-w8	4.933593794703484	1-8-1	4.679296864196658	fqk_tc_q12_l1_a0_tm16_tn32_tk256_wm16_wn16_s3_bc0_ap0_dn32:s4	11.420156341046095	fqk_tc_q12_l1_a0_tm16_tn16_tk256_wm16_wn16_s2_bc0_ap0_dn16:s4	11.658437550067902	5.434511591956515	-56.79924470936304	-57.68220421033392	SIMT
6	512	2048	PASS	meta-h0-l1-a1-w4	5.656718742102385	4-4-2	4.87398449331522	fqk_tc_q12_l1_a0_tm16_tn32_tk256_wm16_wn16_s3_bc0_ap0_dn32:s4	11.49480463936925	fqk_tc_q12_l1_a0_tm16_tn16_tk256_wm16_wn16_s2_bc0_ap0_dn16:s4	11.694843880832195	16.059432479949454	-50.78890925446138	-51.63066048813422	SIMT
7	512	2048	PASS	meta-h0-l1-a1-w4	6.421679863706231	4-4-2	5.808242131024599	fqk_tc_q12_l1_a0_tm16_tn32_tk256_wm16_wn16_s3_bc0_ap0_dn32:s4	11.524179484695196	fqk_tc_q12_l1_a0_tm16_tn16_tk256_wm16_wn16_s2_bc0_ap0_dn16:s4	11.702148709446192	10.561504132291045	-44.276467819382646	-45.123925330716986	SIMT
8	512	2048	PASS	meta-h0-l1-a1-w4	6.448984378948808	4-4-2	5.861679557710886	fqk_tc_q12_l1_a0_tm16_tn32_tk256_wm16_wn16_s3_bc0_ap0_dn32:s4	11.59640634432435	fqk_tc_q12_l1_a0_tm16_tn16_tk256_wm16_wn16_s2_bc0_ap0_dn16:s4	11.767031159251928	10.019394875745768	-44.38807862139855	-45.19446501271275	SIMT
2	1024	5120	PASS	p4-w20-r0-u1	7.076346243803318	2-4-2	7.4513462873605585	fqk_tc_q12_l1_a0_tm16_tn32_tk256_wm16_wn16_s3_bc0_ap0_dn32:s4	15.688077188455141	fqk_tc_q12_l1_a0_tm8_tn64_tk256_wm8_wn16_s2_bc0_ap0_dn64:s4	16.522115239730248	-5.032648183232857	-54.89347637191126	-57.17045825472131	SIMT
3	1024	5120	PASS	p4-w10-r1-u0	9.025576882637464	4-4-2	10.042884601996494	fqk_tc_q12_l1_a0_tm16_tn32_tk256_wm16_wn16_s3_bc0_ap0_dn32:s4	15.833461513886085	fqk_tc_q12_l1_a0_tm8_tn64_tk256_wm8_wn16_s2_bc0_ap0_dn64:s4	16.636346395199116	-10.129636649979945	-42.99681800646085	-45.74784229521664	SIMT
4	1024	5120	PASS	p4-w10-r1-u0	10.302500082896305	4-4-2	11.73115407045071	fqk_tc_q12_l1_a0_tm16_tn32_tk256_wm16_wn16_s3_bc0_ap0_dn32:s4	16.001923153033623	fqk_tc_q12_l1_a0_tm8_tn64_tk256_wm8_wn16_s2_bc0_ap0_dn64:s4	16.801346379977005	-12.178290208914767	-35.617113115912126	-38.680508990789555	SIMT
5	1024	5120	PASS	p4-w10-r1-u0	13.30384612083435	4-4-2	14.227307759798489	fqk_tc_q12_l1_a0_tm16_tn32_tk256_wm16_wn16_s3_bc0_ap0_dn32:s4	15.915384659400353	fqk_tc_q12_l1_a0_tm8_tn64_tk256_wm8_wn16_s2_bc0_ap0_dn64:s4	16.700961841986732	-6.490768700270378	-16.408893623714636	-20.34083876900987	SIMT
6	1024	5120	PASS	p4-w10-r1-u0	14.825576773056618	1-8-1	18.96403844539936	fqk_tc_q12_l1_a0_tm16_tn32_tk256_wm16_wn16_s3_bc0_ap0_dn32:s4	15.964230665793785	fqk_tc_q12_l1_a0_tm8_tn64_tk256_wm8_wn16_s2_bc0_ap0_dn64:s4	16.7048080609395	-21.822681304185632	-7.132532200107433	-11.249643102916263	SIMT
7	1024	5120	PASS	p4-w10-r1-u0	19.874038604589607	1-8-1	22.22769191631904	fqk_tc_q12_l1_a0_tm16_tn32_tk256_wm16_wn16_s3_bc0_ap0_dn32:s4	16.014615503641274	fqk_tc_q12_l1_a0_tm8_tn64_tk256_wm8_wn16_s2_bc0_ap0_dn64:s4	16.81288446371372	-10.588833607152148	24.099380344603393	18.207191915715605	TENSOR_CORE
8	1024	5120	PASS	p4-w16-r1-u0	22.462692398291367	4-4-2	25.359615683555603	fqk_tc_q12_l1_a0_tm16_tn32_tk256_wm16_wn16_s3_bc0_ap0_dn32:s4	16.060576989100532	fqk_tc_q12_l1_a0_tm16_tn16_tk256_wm16_wn16_s2_bc0_ap0_dn16:s4	16.72961562871933	-11.423372189124859	39.86230017474224	34.2690286304618	TENSOR_CORE
2	4096	2048	PASS	v7-c4-w8-p8	9.229375049471855	2-8-1	10.45499974861741	fqk_tc_q12_l1_a0_tm16_tn32_tk256_wm16_wn16_s3_bc0_ap0_dn32:s2	13.731250073760748	fqk_tc_q12_l1_a0_tm8_tn64_tk256_wm8_wn16_s2_bc0_ap0_dn64:s4	13.776875101029873	-11.722857279911791	-32.78561675088558	-33.0082113556947	SIMT
3	4096	2048	PASS	v6-c4-w4-p8	12.318750377744436	2-8-1	14.585312455892563	fqk_tc_q12_l1_a0_tm16_tn32_tk256_wm16_wn16_s3_bc0_ap0_dn32:s2	13.698750175535679	fqk_tc_q12_l1_a0_tm8_tn64_tk256_wm8_wn16_s2_bc0_ap0_dn64:s4	13.94937513396144	-15.540031007237154	-10.07391024807326	-11.68958996770436	SIMT
4	4096	2048	PASS	v6-c4-w4-p8	14.367499854415655	4-4-2	18.34124978631735	fqk_tc_q12_l1_a0_tm16_tn32_tk256_wm16_wn16_s3_bc0_ap0_dn32:s2	13.500937260687351	fqk_tc_q12_l1_a0_tm8_tn64_tk256_wm8_wn16_s2_bc0_ap0_dn64:s4	14.09156247973442	-21.665644261963703	6.418536557840326	1.9581744400457346	TENSOR_CORE
5	4096	2048	PASS	v6-c4-w4-p8	17.09187589585781	4-4-2	21.641875617206097	fqk_tc_q12_l1_a0_tm16_tn32_tk256_wm16_wn16_s3_bc0_ap0_dn32:s2	13.520937412977219	fqk_tc_q12_l1_a0_tm8_tn64_tk256_wm8_wn16_s2_bc0_ap0_dn64:s4	13.97031219676137	-21.02405448505058	26.41043571027295	22.34426586272058	TENSOR_CORE
6	4096	2048	PASS	v6-c4-w8-p4	25.42624995112419	4-4-2	25.54874960333109	fqk_tc_q12_l1_a0_tm16_tn32_tk256_wm16_wn16_s3_bc0_ap0_dn32:s2	13.697812799364328	fqk_tc_q12_l1_a0_tm8_tn64_tk256_wm8_wn16_s2_bc0_ap0_dn64:s4	14.032187405973673	-0.4794741586528595	85.62269994158586	81.19947528850653	TENSOR_CORE
7	4096	2048	PASS	v6-c4-w8-p8	27.174375019967556	4-4-2	28.28687522560358	fqk_tc_q12_l1_a0_tm16_tn32_tk256_wm16_wn16_s3_bc0_ap0_dn32:s2	13.74374981969595	fqk_tc_q12_l1_a0_tm8_tn64_tk256_wm8_wn16_s2_bc0_ap0_dn64:s4	14.066874980926514	-3.9329201149409965	97.72169441722805	93.17989999067808	TENSOR_CORE
8	4096	2048	PASS	v6-c4-w8-p8	27.813125401735306	4-4-2	33.27968716621399	fqk_tc_q12_l1_a0_tm16_tn32_tk256_wm16_wn16_s3_bc0_ap0_dn32:s2	13.499687425792217	fqk_tc_q12_l1_a0_tm8_tn64_tk256_wm8_wn16_s2_bc0_ap0_dn64:s4	14.117187820374966	-16.426121246801905	106.02792142132222	97.01604707414428	TENSOR_CORE
2	4096	4096	PASS	v7-c4-w8-p8	15.456249937415123	2-8-1	18.255624920129776	fqk_tc_q12_l1_a0_tm8_tn64_tk256_wm8_wn16_s2_bc0_ap0_dn64:s4	18.205625005066395	fqk_tc_q12_l1_a0_tm64_tn128_tk256_wm64_wn16_s2_bc0_ap0_dn64:s1	35.429999232292175	-15.334314738400934	-15.10178896295049	-56.3752461972177	SIMT
3	4096	4096	PASS	v7-c4-w4-p4	22.117499262094498	4-4-2	25.073125027120113	fqk_tc_q12_l1_a0_tm8_tn64_tk256_wm8_wn16_s2_bc0_ap0_dn64:s4	18.419374711811543	fqk_tc_q12_l1_a0_tm64_tn128_tk256_wm64_wn16_s2_bc0_ap0_dn64:s1	35.43562442064285	-11.788023079806331	20.077362061110083	-37.58400021530295	TENSOR_CORE
4	4096	4096	PASS	v7-c4-w4-p8	26.607499457895756	4-4-2	31.15374967455864	fqk_tc_q12_l1_a0_tm8_tn64_tk256_wm8_wn16_s2_bc0_ap0_dn64:s4	18.528125248849392	fqk_tc_q12_l1_a0_tm64_tn128_tk256_wm64_wn16_s2_bc0_ap0_dn64:s1	35.43062508106232	-14.592947122431067	43.60599953062223	-24.902540113192995	TENSOR_CORE
5	4096	4096	PASS	v6-c4-w8-p8	33.74749980866909	4-4-2	38.449374958872795	fqk_tc_q12_l1_a0_tm8_tn64_tk256_wm8_wn16_s2_bc0_ap0_dn64:s4	18.37250031530857	fqk_tc_q12_l1_a0_tm64_tn128_tk256_wm64_wn16_s2_bc0_ap0_dn64:s1	35.45437566936016	-12.228742743498543	83.68485088852913	-4.8142883028290395	TENSOR_CORE
6	4096	4096	PASS	v7-c4-w4-p4	43.67312416434288	4-4-2	44.24062371253967	fqk_tc_q12_l1_a0_tm8_tn64_tk256_wm8_wn16_s2_bc0_ap0_dn64:s4	18.41749995946884	fqk_tc_q12_l1_a0_tm64_tn128_tk256_wm64_wn16_s2_bc0_ap0_dn64:s1	35.4281235486269	-1.282756662483353	137.1284064637099	23.272473362579582	TENSOR_CORE
7	4096	4096	PASS	v6-c4-w8-p8	48.359375447034836	4-4-2	50.05687475204468	fqk_tc_q12_l1_a0_tm8_tn64_tk256_wm8_wn16_s2_bc0_ap0_dn64:s4	18.47812533378601	fqk_tc_q12_l1_a0_tm64_tn128_tk256_wm64_wn16_s2_bc0_ap0_dn64:s1	35.439373925328255	-3.391141203717485	161.71148086441954	36.45663026928574	TENSOR_CORE
8	4096	4096	PASS	v6-c4-w8-p8	48.83250035345554	4-4-2	59.13437530398369	fqk_tc_q12_l1_a0_tm8_tn64_tk256_wm8_wn16_s2_bc0_ap0_dn64:s4	18.515000119805336	fqk_tc_q12_l1_a0_tm64_tn128_tk256_wm64_wn16_s2_bc0_ap0_dn64:s1	35.46687588095665	-17.421127554947113	163.74561186861584	37.68480910853314	TENSOR_CORE
2	5120	8192	PASS	v7-c4-w4-p4	36.93028688430786	4-4-2	39.69885792051043	fqk_tc_q12_l1_a0_tm8_tn64_tk256_wm8_wn16_s2_bc0_ap0_dn64:s4	29.880571365356445	fqk_tc_q12_l1_a0_tm8_tn64_tk256_wm8_wn16_s2_bc0_ap0_dn64:s4	29.880571365356445	-6.973931194056293	23.59297428671281	23.59297428671281	TENSOR_CORE
3	5120	8192	PASS	v6-c4-w4-p4	48.53657143456596	4-4-2	56.933142457689556	fqk_tc_q12_l1_a0_tm8_tn64_tk256_wm8_wn16_s2_bc0_ap0_dn64:s4	30.064572606767925	fqk_tc_q12_l1_a0_tm8_tn64_tk256_wm8_wn16_s2_bc0_ap0_dn64:s4	30.064572606767925	-14.748125012357427	61.44108239755835	61.44108239755835	TENSOR_CORE
4	5120	8192	PASS	v7-c4-w8-p4	69.03600011553084	4-4-2	71.93428788866316	fqk_tc_q12_l1_a0_tm8_tn64_tk256_wm8_wn16_s2_bc0_ap0_dn64:s4	30.236571175711497	fqk_tc_q12_l1_a0_tm8_tn64_tk256_wm8_wn16_s2_bc0_ap0_dn64:s4	30.236571175711497	-4.029076895316141	128.31953965397452	128.31953965397452	TENSOR_CORE
5	5120	8192	PASS	v7-c4-w8-p8	77.98457145690918	4-4-2	85.8719996043614	fqk_tc_q12_l1_a0_tm8_tn64_tk256_wm8_wn16_s2_bc0_ap0_dn64:s4	30.22514411381313	fqk_tc_q12_l1_a0_tm8_tn64_tk256_wm8_wn16_s2_bc0_ap0_dn64:s4	30.22514411381313	-9.185098965660544	158.01224028331302	158.01224028331302	TENSOR_CORE
6	5120	8192	PASS	v6-c4-w4-p4	95.28114455086845	4-4-2	102.8320005961827	fqk_tc_q12_l1_a0_tm8_tn64_tk256_wm8_wn16_s2_bc0_ap0_dn64:s4	30.259999207087926	fqk_tc_q12_l1_a0_tm8_tn64_tk256_wm8_wn16_s2_bc0_ap0_dn64:s4	30.259999207087926	-7.342904933811578	214.87490762574225	214.87490762574225	TENSOR_CORE
7	5120	8192	PASS	v6-c4-w4-p8	99.1697141102382	4-4-2	117.84228597368514	fqk_tc_q12_l1_a0_tm8_tn64_tk256_wm8_wn16_s2_bc0_ap0_dn64:s4	30.32914400100708	fqk_tc_q12_l1_a0_tm8_tn64_tk256_wm8_wn16_s2_bc0_ap0_dn64:s4	30.32914400100708	-15.84539175319174	226.97828236413554	226.97828236413554	TENSOR_CORE
8	5120	8192	PASS	v7-c4-w4-p4	124.1131373814174	4-4-2	134.01143210274833	fqk_tc_q12_l1_a0_tm8_tn64_tk256_wm8_wn16_s2_bc0_ap0_dn64:s4	30.33257041658674	fqk_tc_q12_l1_a0_tm8_tn64_tk256_wm8_wn16_s2_bc0_ap0_dn64:s4	30.33257041658674	-7.386156961401458	309.17448035840937	309.17448035840937	TENSOR_CORE
2	8192	5120	PASS	v6-c4-w4-p8	34.4257150377546	4-4-2	41.48228679384504	fqk_tc_q12_l1_a0_tm8_tn128_tk256_wm8_wn32_s2_bc0_ap0_dn32:s4	28.223428555897307	fqk_tc_q12_l1_a0_tm8_tn128_tk256_wm8_wn32_s2_bc0_ap0_dn32:s4	28.223428555897307	-17.011048091826662	21.975666314152754	21.975666314152754	TENSOR_CORE
3	8192	5120	PASS	v6-c4-w10-p8	50.91085774557931	4-8-1	56.556570529937744	fqk_tc_q12_l1_a0_tm8_tn128_tk256_wm8_wn32_s2_bc0_ap0_dn32:s4	28.48571368626186	fqk_tc_q12_l1_a0_tm8_tn128_tk256_wm8_wn32_s2_bc0_ap0_dn32:s4	28.48571368626186	-9.982417129358867	78.72417839449352	78.72417839449352	TENSOR_CORE
4	8192	5120	PASS	v6-c4-w4-p8	65.39371694837297	4-8-1	68.9262866973877	fqk_tc_q12_l1_a0_tm8_tn128_tk256_wm8_wn32_s2_bc0_ap0_dn32:s4	28.539428540638518	fqk_tc_q12_l1_a0_tm8_tn128_tk256_wm8_wn32_s2_bc0_ap0_dn32:s4	28.539428540638518	-5.125141536383692	129.13464036343981	129.13464036343981	TENSOR_CORE
5	8192	5120	PASS	v6-c4-w10-p8	79.81371538979667	4-8-1	87.53371579306466	fqk_tc_q12_l1_a0_tm8_tn128_tk256_wm8_wn32_s2_bc0_ap0_dn32:s4	28.58914307185582	fqk_tc_q12_l1_a0_tm8_tn128_tk256_wm8_wn32_s2_bc0_ap0_dn32:s4	28.58914307185582	-8.819459260153618	179.17491332004337	179.17491332004337	TENSOR_CORE
6	8192	5120	PASS	v6-c4-w10-p8	94.01942661830357	4-8-1	102.64057091304234	fqk_tc_q12_l1_a0_tm8_tn128_tk256_wm8_wn32_s2_bc0_ap0_dn32:s4	28.6862850189209	fqk_tc_q12_l1_a0_tm8_tn128_tk256_wm8_wn32_s2_bc0_ap0_dn32:s4	28.6862850189209	-8.399353411666667	227.75044435447197	227.75044435447197	TENSOR_CORE
7	8192	5120	PASS	v6-c4-w10-p8	107.15885843549455	4-8-1	113.06228297097343	fqk_tc_q12_l1_a0_tm8_tn128_tk256_wm8_wn32_s2_bc0_ap0_dn32:s4	28.717713696616038	fqk_tc_q12_l1_a0_tm8_tn128_tk256_wm8_wn32_s2_bc0_ap0_dn32:s4	28.717713696616038	-5.221391590858349	273.1455072209375	273.1455072209375	TENSOR_CORE
8	8192	5120	PASS	v6-c4-w10-p8	116.71942983354842	4-8-1	133.92857142857144	fqk_tc_q12_l1_a0_tm8_tn128_tk256_wm8_wn32_s2_bc0_ap0_dn32:s4	28.734285490853445	fqk_tc_q12_l1_a0_tm8_tn128_tk256_wm8_wn32_s2_bc0_ap0_dn32:s4	28.734285490853445	-12.849492390950523	306.20265247487	306.20265247487	TENSOR_CORE
