case	tokens	channels	active_experts	max_rows	selected	median_us	runner	runner_us	runner_gap_pct	selected_round_span_pct	selected_rounds_won	status
n512-k2048-t1-ch1-spread	1	1	8	1	r2-v6-w8-p8	7.9950001090765	r2-v7-w8-p8	8.01531272009015	0.25406642572263216	0.10162424052654496	6	NUMERIC_PASS_TIMING_MEASURED
n512-k2048-t1-ch8-spread	1	8	8	1	r2-v6-w8-p8	8.027500007301569	r2-v7-w8-p8	8.036249782890081	0.10899751579638295	0.15570576471560726	5	NUMERIC_PASS_TIMING_MEASURED
n512-k2048-t2-ch1-spread	2	1	16	1	r2-v7-w8-p8	11.4440624602139	r2-v6-w8-p8	11.534687597304583	0.7918965612582651	0.07645690172464228	6	NUMERIC_PASS_TIMING_MEASURED
n512-k2048-t2-ch8-spread	2	8	16	1	r2-v7-w8-p8	11.441562324762344	r2-v6-w8-p8	11.535937432199717	0.8248445864173837	0.18572627218060242	6	NUMERIC_PASS_TIMING_MEASURED
n512-k2048-t3-ch1-spread	3	1	24	1	r2-v7-w4-p8	15.694687142968178	r2-v6-w4-p8	15.775312669575214	0.5137122254976534	0.15530462124411984	6	NUMERIC_PASS_TIMING_MEASURED
n512-k2048-t3-ch8-spread	3	8	24	1	r2-v7-w4-p8	15.736563131213188	r2-v6-w4-p8	15.811250545084476	0.4746107091398333	0.2104869939680438	6	NUMERIC_PASS_TIMING_MEASURED
n512-k2048-t4-ch1-spread	4	1	32	1	r2-v7-w4-p8	18.978125415742397	r2-v6-w4-p8	19.538437947630882	2.9524124201629753	0.135020760779222	6	NUMERIC_PASS_TIMING_MEASURED
n512-k2048-t4-ch8-spread	4	8	32	1	r2-v7-w4-p8	19.016250036656857	r2-v6-w4-p8	19.537187181413174	2.739431505960055	0.3220993780016527	6	NUMERIC_PASS_TIMING_MEASURED
n512-k2048-t5-ch1-spread	5	1	40	1	r2-v7-w4-p8	22.684999741613865	r2-v6-w4-p8	23.064374923706055	1.6723614124458441	0.16806092725900534	6	NUMERIC_PASS_TIMING_MEASURED
n512-k2048-t5-ch8-spread	5	8	40	1	r2-v7-w4-p8	22.58625067770481	r2-v6-w4-p8	23.110312409698963	2.320268819611848	0.3403623367863551	6	NUMERIC_PASS_TIMING_MEASURED
n512-k2048-t6-ch1-spread	6	1	48	1	r2-v7-w2-p8	28.110000304877758	r2-v7-w2-p4	28.26249971985817	0.5425094746581927	0.17564922476093486	6	NUMERIC_PASS_TIMING_MEASURED
n512-k2048-t6-ch8-spread	6	8	48	1	r2-v7-w2-p4	28.39718759059906	r2-v7-w2-p8	28.746875002980232	1.2314156508123286	0.20908294734279162	6	NUMERIC_PASS_TIMING_MEASURED
n512-k2048-t7-ch1-spread	7	1	56	1	r2-v7-w2-p8	32.04312548041344	r2-v7-w2-p4	32.490624114871025	1.396551140840252	1.0786244416823974	6	NUMERIC_PASS_TIMING_MEASURED
n512-k2048-t7-ch8-spread	7	8	56	1	r2-v7-w2-p8	32.71937556564808	r2-v7-w2-p4	32.81312435865402	0.28652378410414236	0.5004758887312429	6	NUMERIC_PASS_TIMING_MEASURED
n512-k2048-t8-ch1-spread	8	1	64	1	r2-v7-w2-p8	34.52593833208084	r2-v6-w2-p8	35.192498937249184	1.930608224915309	5.98643545641955	5	NUMERIC_PASS_TIMING_NOISY
n512-k2048-t8-ch8-spread	8	8	64	1	r2-v7-w2-p8	33.473437651991844	r2-v6-w2-p8	34.85875017940998	4.138542750883856	6.843112885459644	6	NUMERIC_PASS_TIMING_NOISY
n512-k2048-t8-ch1-cluster	8	1	8	8	r2-v6-w2-p8	26.979374699294567	r2-v7-w2-p8	27.645938098430634	2.470640652592637	0.03242789858345591	6	NUMERIC_PASS_TIMING_MEASURED
n512-k2048-t8-ch8-cluster	8	8	8	8	r2-v6-w2-p8	27.046875096857548	r2-v7-w2-p8	27.714062482118607	2.46678177376054	0.0392819055553216	6	NUMERIC_PASS_TIMING_MEASURED
n512-k3072-t1-ch1-spread	1	1	8	1	r0-v0-w4-p1	11.500454084439712	r2-v7-w8-p4	11.764090846885335	2.29240306956513	0.12648407202383993	6	NUMERIC_PASS_TIMING_MEASURED
n512-k3072-t1-ch8-spread	1	8	8	1	r0-v0-w4-p1	11.523636227304285	r2-v7-w8-p4	11.830909685655074	2.666462671068448	0.20512019939061396	6	NUMERIC_PASS_TIMING_MEASURED
n512-k3072-t2-ch1-spread	2	1	16	1	r2-v7-w4-p4	16.92090928554535	r2-v6-w4-p4	17.75545423681086	4.9320337174694195	0.11819735740363788	6	NUMERIC_PASS_TIMING_MEASURED
n512-k3072-t2-ch8-spread	2	8	16	1	r2-v7-w4-p4	17.019091004675083	r2-v6-w4-p4	17.859545621004973	4.938304966458085	0.2670763099675618	6	NUMERIC_PASS_TIMING_MEASURED
n512-k3072-t3-ch1-spread	3	1	24	1	r2-v7-w4-p8	21.583636375990782	r2-v6-w4-p8	21.870000118559055	1.3267631903158827	0.20638315359144105	6	NUMERIC_PASS_TIMING_MEASURED
n512-k3072-t3-ch8-spread	3	8	24	1	r2-v7-w4-p8	21.785908801989123	r2-v6-w4-p8	21.856818009506572	0.3254819808617526	0.14187644201591046	6	NUMERIC_PASS_TIMING_MEASURED
n512-k3072-t4-ch1-spread	4	1	32	1	r2-v7-w4-p8	26.107271963899787	r2-v6-w4-p8	26.149545203555714	0.16192132105714574	0.2959788500846463	6	NUMERIC_PASS_TIMING_MEASURED
n512-k3072-t4-ch8-spread	4	8	32	1	r2-v6-w4-p8	26.216363364999943	r2-v7-w4-p8	26.241817257621072	0.0970916227653218	0.30169193649681186	6	NUMERIC_PASS_TIMING_MEASURED
n512-k3072-t5-ch1-spread	5	1	40	1	r2-v6-w4-p8	30.45954623005607	r2-v7-w2-p4	33.19318186153065	8.974643321433184	0.5879611002118262	6	NUMERIC_PASS_TIMING_MEASURED
n512-k3072-t5-ch8-spread	5	8	40	1	r2-v6-w4-p8	30.659999359737743	r2-v7-w2-p4	33.31181813370098	8.649115555578145	0.6226623046254919	6	NUMERIC_PASS_TIMING_MEASURED
n512-k3072-t6-ch1-spread	6	1	48	1	r2-v7-w2-p4	38.53136436505751	r2-v7-w2-p8	40.674999356269836	5.563350861139749	2.184760613726237	6	NUMERIC_PASS_TIMING_MEASURED
n512-k3072-t6-ch8-spread	6	8	48	1	r2-v7-w2-p4	38.80045495250008	r2-v7-w2-p8	40.650908242572434	4.769153589404285	3.0786946302926737	6	NUMERIC_PASS_TIMING_MEASURED
n512-k3072-t7-ch1-spread	7	1	56	1	r2-v7-w2-p4	44.59954527291384	r2-v7-w2-p8	47.896818681196734	7.393065081955874	5.8194700144180596	6	NUMERIC_PASS_TIMING_NOISY
n512-k3072-t7-ch8-spread	7	8	56	1	r2-v7-w2-p4	44.44681785323403	r2-v7-w2-p8	47.51454429192977	6.902015907697923	3.2398257510622424	6	NUMERIC_PASS_TIMING_MEASURED
n512-k3072-t8-ch1-spread	8	1	64	1	r2-v7-w2-p8	49.6854538267309	r2-v6-w2-p8	51.597727970643476	3.848760545855723	6.069097394878706	6	NUMERIC_PASS_TIMING_NOISY
n512-k3072-t8-ch8-spread	8	8	64	1	r2-v7-w2-p8	48.97909272800793	r2-v6-w2-p8	49.52727122740312	1.1192091744927746	6.904610998863704	5	NUMERIC_PASS_TIMING_NOISY
n512-k3072-t8-ch1-cluster	8	1	8	8	r2-v6-w2-p8	38.79181769761172	r2-v7-w2-p8	39.610908790068194	2.1115047993920166	0.049217728313731335	6	NUMERIC_PASS_TIMING_MEASURED
n512-k3072-t8-ch8-cluster	8	8	8	8	r2-v6-w2-p8	38.89636288989674	r2-v7-w2-p8	39.683635939251296	2.02402741763561	0.05843305925030578	6	NUMERIC_PASS_TIMING_MEASURED
n2048-k512-t1-ch1-spread	1	1	8	1	r2-v6-w2-p8	7.752500008791685	r2-v7-w2-p8	7.802499923855066	0.6449521445556883	0.17736274074208	6	NUMERIC_PASS_TIMING_MEASURED
n2048-k512-t1-ch8-spread	1	8	8	1	r2-v6-w2-p8	7.8050000593066216	r2-v7-w2-p8	7.811874849721789	0.08808187524573796	0.46443821441420047	5	NUMERIC_PASS_TIMING_MEASURED
n2048-k512-t2-ch1-spread	2	1	16	1	r2-v7-w2-p8	11.264374945312738	r2-v6-w2-p8	11.475000064820051	1.8698340611873698	0.25522879003901644	6	NUMERIC_PASS_TIMING_MEASURED
n2048-k512-t2-ch8-spread	2	8	16	1	r2-v7-w2-p8	11.284062638878822	r2-v6-w2-p8	11.455312836915255	1.5176289206902949	0.24924542986768922	6	NUMERIC_PASS_TIMING_MEASURED
n2048-k512-t3-ch1-spread	3	1	24	1	r2-v6-w2-p8	15.541249886155128	r2-v7-w2-p4	19.62750032544136	26.292933124551677	0.39813534732122474	6	NUMERIC_PASS_TIMING_MEASURED
n2048-k512-t3-ch8-spread	3	8	24	1	r2-v6-w2-p8	15.578437596559525	r2-v7-w2-p4	19.608437083661556	25.86908643516377	0.076229044635032	6	NUMERIC_PASS_TIMING_MEASURED
n2048-k512-t4-ch1-spread	4	1	32	1	r2-v7-w2-p8	22.522812709212303	r2-v7-w2-p4	23.386250250041485	3.8336132878999507	0.3385422718439199	6	NUMERIC_PASS_TIMING_MEASURED
n2048-k512-t4-ch8-spread	4	8	32	1	r2-v7-w2-p8	22.5637499243021	r2-v7-w2-p4	23.38968776166439	3.660463531696556	0.15233839099983398	6	NUMERIC_PASS_TIMING_MEASURED
n2048-k512-t5-ch1-spread	5	1	40	1	r2-v7-w2-p8	24.2665633559227	r2-v6-w2-p8	26.758437044918537	10.268753974128986	0.2189282601213447	6	NUMERIC_PASS_TIMING_MEASURED
n2048-k512-t5-ch8-spread	5	8	40	1	r2-v7-w2-p8	24.42156244069338	r2-v6-w2-p8	26.923437602818012	10.244533568236358	0.23800214266758338	6	NUMERIC_PASS_TIMING_MEASURED
n2048-k512-t6-ch1-spread	6	1	48	1	r2-v6-w2-p8	28.20937428623438	r2-v7-w2-p8	30.615624971687794	8.529968304286761	0.22598526853372208	6	NUMERIC_PASS_TIMING_MEASURED
n2048-k512-t6-ch8-spread	6	8	48	1	r2-v6-w2-p8	28.365937061607838	r2-v7-w2-p8	30.65906185656786	8.084079119190024	0.07491046679077105	6	NUMERIC_PASS_TIMING_MEASURED
n2048-k512-t7-ch1-spread	7	1	56	1	r2-v7-w2-p8	32.6943751424551	r2-v6-w2-p8	34.760311245918274	6.318934356327444	0.12426607273576043	6	NUMERIC_PASS_TIMING_MEASURED
n2048-k512-t7-ch8-spread	7	8	56	1	r2-v7-w2-p8	32.66531229019165	r2-v6-w2-p8	35.07312573492527	7.37116309601793	0.08227150554802357	6	NUMERIC_PASS_TIMING_MEASURED
n2048-k512-t8-ch1-spread	8	1	64	1	r2-v7-w2-p8	34.83249992132187	r2-v6-w2-p8	37.87062503397465	8.722098957913339	0.14354653412443993	6	NUMERIC_PASS_TIMING_MEASURED
n2048-k512-t8-ch8-spread	8	8	64	1	r2-v7-w2-p8	34.76187586784363	r2-v6-w2-p8	38.04218769073486	9.43652130673902	0.1438381708054166	6	NUMERIC_PASS_TIMING_MEASURED
n2048-k512-t8-ch1-cluster	8	1	8	8	r2-v7-w2-p8	28.913437388837337	r2-v6-w2-p8	32.18156099319458	11.303130653081638	0.0734919739104781	6	NUMERIC_PASS_TIMING_MEASURED
n2048-k512-t8-ch8-cluster	8	8	8	8	r2-v7-w2-p8	29.099062085151672	r2-v6-w2-p8	32.34843723475933	11.166597535340195	0.06228860536510302	6	NUMERIC_PASS_TIMING_MEASURED
n3072-k512-t1-ch1-spread	1	1	8	1	r2-v7-w2-p8	9.65636359019713	r2-v6-w2-p8	9.719091044230895	0.6495970605067569	0.1600450934784149	6	NUMERIC_PASS_TIMING_MEASURED
n3072-k512-t1-ch8-spread	1	8	8	1	r2-v7-w2-p8	9.639091112396933	r2-v6-w2-p8	9.695454415949907	0.5847367028254835	0.17919197566232897	6	NUMERIC_PASS_TIMING_MEASURED
n3072-k512-t2-ch1-spread	2	1	16	1	r2-v6-w2-p8	15.614545480771497	r2-v7-w2-p8	18.513182347471066	18.56369671643079	0.4483014684662299	6	NUMERIC_PASS_TIMING_MEASURED
n3072-k512-t2-ch8-spread	2	8	16	1	r2-v6-w2-p8	15.569999814033508	r2-v7-w2-p8	18.73999969525771	20.359665504729318	0.23355332274496665	6	NUMERIC_PASS_TIMING_MEASURED
n3072-k512-t3-ch1-spread	3	1	24	1	r2-v7-w2-p8	23.662271824750032	r2-v7-w2-p4	24.839546192776073	4.975322643342506	0.34962212529262016	6	NUMERIC_PASS_TIMING_MEASURED
n3072-k512-t3-ch8-spread	3	8	24	1	r2-v7-w2-p8	23.627271706407722	r2-v7-w2-p4	24.97454529458826	5.702197041290891	0.1731493218537981	6	NUMERIC_PASS_TIMING_MEASURED
n3072-k512-t4-ch1-spread	4	1	32	1	r2-v6-w2-p8	28.45409106124531	r2-v7-w2-p8	30.767727981914174	8.131122219609587	0.45047929422022337	6	NUMERIC_PASS_TIMING_MEASURED
n3072-k512-t4-ch8-spread	4	8	32	1	r2-v6-w2-p8	28.450908986004915	r2-v7-w2-p8	30.746817588806152	8.06971968428356	0.46970844746716583	6	NUMERIC_PASS_TIMING_MEASURED
n3072-k512-t5-ch1-spread	5	1	40	1	r2-v7-w2-p8	34.30772775953466	r2-v7-w2-p4	36.491818048737265	6.366175878831304	0.34182426600079713	6	NUMERIC_PASS_TIMING_MEASURED
n3072-k512-t5-ch8-spread	5	8	40	1	r2-v7-w2-p8	34.413181922652505	r2-v7-w2-p4	36.65318272330545	6.5091359633282275	0.3275661344940724	6	NUMERIC_PASS_TIMING_MEASURED
n3072-k512-t6-ch1-spread	6	1	48	1	r2-v6-w2-p8	40.47272693027149	r2-v7-w2-p8	40.891819379546426	1.035493481812999	0.08984208718543861	6	NUMERIC_PASS_TIMING_MEASURED
n3072-k512-t6-ch8-spread	6	8	48	1	r2-v6-w2-p8	40.62318260019475	r2-v7-w2-p8	40.97090796990828	0.8559776646152262	0.19245074985497662	6	NUMERIC_PASS_TIMING_MEASURED
n3072-k512-t7-ch1-spread	7	1	56	1	r2-v7-w2-p8	44.48272694240917	r2-v6-w2-p8	46.413180502978236	4.33978241277424	0.3085966523533476	6	NUMERIC_PASS_TIMING_MEASURED
n3072-k512-t7-ch8-spread	7	8	56	1	r2-v7-w2-p8	44.534091245044365	r2-v6-w2-p8	46.61636460911144	4.6756839667156935	0.14493708052224383	6	NUMERIC_PASS_TIMING_MEASURED
n3072-k512-t8-ch1-spread	8	1	64	1	r2-v7-w2-p8	50.55181817574935	r2-v6-w2-p8	51.44863778894598	1.7740600547318186	0.3416759863125882	6	NUMERIC_PASS_TIMING_MEASURED
n3072-k512-t8-ch8-spread	8	8	64	1	r2-v7-w2-p8	50.629090179096565	r2-v6-w2-p8	51.55318162657998	1.8252183561160429	1.1419942726369945	6	NUMERIC_PASS_TIMING_MEASURED
n3072-k512-t8-ch1-cluster	8	1	8	8	r2-v6-w2-p8	42.6181825724515	r2-v7-w2-p8	44.73545470020988	4.968001918333753	0.057589426990591386	6	NUMERIC_PASS_TIMING_MEASURED
n3072-k512-t8-ch8-cluster	8	8	8	8	r2-v6-w2-p8	42.86590895869515	r2-v7-w2-p8	44.879091056910426	4.696464269905354	0.07846791444449447	6	NUMERIC_PASS_TIMING_MEASURED
n1024-k2048-t1-ch1-spread	1	1	8	1	r2-v7-w8-p8	11.408749967813492	r2-v6-w8-p8	11.576250195503235	1.468173359590641	0.17530537829553702	6	NUMERIC_PASS_TIMING_MEASURED
n1024-k2048-t1-ch8-spread	1	8	8	1	r2-v7-w8-p8	11.580000165849924	r2-v6-w8-p8	11.614999733865261	0.3022415156655356	0.14033374241556199	6	NUMERIC_PASS_TIMING_MEASURED
n1024-k2048-t2-ch1-spread	2	1	16	1	r2-v7-w4-p8	19.478125497698784	r2-v6-w4-p8	20.0593750923872	2.9841146405853447	0.3272948050627895	6	NUMERIC_PASS_TIMING_MEASURED
n1024-k2048-t2-ch8-spread	2	8	16	1	r2-v7-w4-p8	19.489374943077564	r2-v6-w4-p8	20.07562480866909	3.0080485767439047	0.2308932138239463	6	NUMERIC_PASS_TIMING_MEASURED
n1024-k2048-t3-ch1-spread	3	1	24	1	r2-v6-w8-p8	29.246250167489052	r2-v7-w2-p8	30.265625566244125	3.485490936161928	0.3077356941497355	6	NUMERIC_PASS_TIMING_MEASURED
n1024-k2048-t3-ch8-spread	3	8	24	1	r2-v6-w8-p8	29.259375296533108	r2-v7-w2-p8	30.362499877810478	3.7701576677478643	0.14952407158986938	6	NUMERIC_PASS_TIMING_MEASURED
n1024-k2048-t4-ch1-spread	4	1	32	1	r2-v7-w8-p8	37.392500787973404	r2-v7-w2-p8	38.44750113785267	2.821422284274133	0.1404038645981912	6	NUMERIC_PASS_TIMING_MEASURED
n1024-k2048-t4-ch8-spread	4	8	32	1	r2-v7-w8-p8	37.41312399506569	r2-v7-w2-p8	38.411250337958336	2.6678508403208623	0.19712219714231063	6	NUMERIC_PASS_TIMING_MEASURED
n1024-k2048-t5-ch1-spread	5	1	40	1	r2-v7-w4-p8	42.54937544465065	r2-v6-w8-p8	43.71999949216843	2.7512132323553207	0.14982803439854853	6	NUMERIC_PASS_TIMING_MEASURED
n1024-k2048-t5-ch8-spread	5	8	40	1	r2-v7-w4-p8	42.83374920487404	r2-v6-w8-p8	43.853750452399254	2.3813027494897554	0.21594877830653195	6	NUMERIC_PASS_TIMING_MEASURED
n1024-k2048-t6-ch1-spread	6	1	48	1	r2-v6-w8-p8	53.29874902963638	r2-v7-w8-p8	53.34187485277653	0.08091338713440699	0.11726203048882687	5	NUMERIC_PASS_TIMING_MEASURED
n1024-k2048-t6-ch8-spread	6	8	48	1	r2-v7-w8-p8	53.75999957323074	r2-v6-w8-p8	53.98000031709671	0.4092275774040699	7.872953463667678	4	NUMERIC_PASS_TIMING_NOISY
n1024-k2048-t7-ch1-spread	7	1	56	1	r2-v7-w4-p8	59.9762499332428	r2-v7-w8-p8	61.182498931884766	2.0112111043698144	9.005648037311381	5	NUMERIC_PASS_TIMING_NOISY
n1024-k2048-t7-ch8-spread	7	8	56	1	r2-v7-w8-p8	60.80312468111515	r2-v7-w4-p8	61.10812351107597	0.5016170329410041	6.775967071351481	5	NUMERIC_PASS_TIMING_NOISY
n1024-k2048-t8-ch1-spread	8	1	64	1	r2-v7-w4-p8	66.30312651395798	r2-v6-w4-p8	67.97812506556511	2.526273857167971	9.294430700787892	6	NUMERIC_PASS_TIMING_NOISY
n1024-k2048-t8-ch8-spread	8	8	64	1	r2-v7-w4-p8	65.15499949455261	r2-v6-w4-p8	65.89687243103981	1.1386277986990434	5.483080761069581	5	NUMERIC_PASS_TIMING_NOISY
n1024-k2048-t8-ch1-cluster	8	1	8	8	r2-v6-w4-p8	52.14187502861023	r2-v7-w4-p8	52.74374969303608	1.1543019197058024	0.10308123441421452	6	NUMERIC_PASS_TIMING_MEASURED
n1024-k2048-t8-ch8-cluster	8	8	8	8	r2-v6-w4-p8	52.416250109672546	r2-v7-w4-p8	52.97437496483326	1.0647935592357882	0.05962170175929861	6	NUMERIC_PASS_TIMING_MEASURED
n1024-k3072-t1-ch1-spread	1	1	8	1	r2-v7-w4-p4	16.66484818314061	r2-v6-w4-p8	17.766060251178164	6.607993399853607	0.24002700059891785	6	NUMERIC_PASS_TIMING_MEASURED
n1024-k3072-t1-ch8-spread	1	8	8	1	r2-v7-w4-p4	17.114546262856685	r2-v6-w4-p8	17.81090913396893	4.068836301103396	0.1558028487658552	6	NUMERIC_PASS_TIMING_MEASURED
n1024-k3072-t2-ch1-spread	2	1	16	1	r2-v7-w4-p8	26.090303153702706	r2-v6-w4-p8	26.109091260216452	0.0720118367466327	0.1486620056044156	5	NUMERIC_PASS_TIMING_MEASURED
n1024-k3072-t2-ch8-spread	2	8	16	1	r2-v7-w4-p8	26.144848628477618	r2-v6-w4-p8	26.148484511808917	0.013906691076948086	0.11127425393762241	4	NUMERIC_PASS_TIMING_MEASURED
n1024-k3072-t3-ch1-spread	3	1	24	1	r2-v7-w2-p4	40.074545325654924	r2-v6-w2-p8	41.52909011551828	3.6295977360276677	0.28129736261861643	6	NUMERIC_PASS_TIMING_MEASURED
n1024-k3072-t3-ch8-spread	3	8	24	1	r2-v7-w2-p4	40.23212194442749	r2-v6-w2-p8	41.69575734571977	3.6379771450136156	0.3675603232925316	6	NUMERIC_PASS_TIMING_MEASURED
n1024-k3072-t4-ch1-spread	4	1	32	1	r2-v7-w2-p8	48.471515828912906	r2-v7-w4-p8	49.27575768846454	1.659205093544669	0.1925536004326205	6	NUMERIC_PASS_TIMING_MEASURED
n1024-k3072-t4-ch8-spread	4	8	32	1	r2-v7-w2-p8	48.488485090660326	r2-v6-w2-p8	49.3818178321376	1.842360593050052	0.40246507811590215	6	NUMERIC_PASS_TIMING_MEASURED
n1024-k3072-t5-ch1-spread	5	1	40	1	r2-v6-w2-p8	60.867878523739904	r2-v6-w4-p8	61.86181848699397	1.6329466171001839	6.830492198567284	6	NUMERIC_PASS_TIMING_NOISY
n1024-k3072-t5-ch8-spread	5	8	40	1	r2-v6-w2-p8	61.542424288663	r2-v6-w4-p8	62.02060887307832	0.7769999150056384	7.12786908801988	6	NUMERIC_PASS_TIMING_NOISY
n1024-k3072-t6-ch1-spread	6	1	48	1	r2-v7-w4-p8	77.90424245776552	r2-v7-w4-p4	84.40908879944772	8.349797310728867	7.2847761654128735	6	NUMERIC_PASS_TIMING_NOISY
n1024-k3072-t6-ch8-spread	6	8	48	1	r2-v7-w4-p8	76.69030175064549	r2-v7-w4-p4	81.75575733184814	6.6050797370347025	8.359478676144647	6	NUMERIC_PASS_TIMING_NOISY
n1024-k3072-t7-ch1-spread	7	1	56	1	r2-v6-w4-p8	90.01272736173686	r2-v6-w8-p8	96.4806079864502	7.185517886510273	7.800924074459704	6	NUMERIC_PASS_TIMING_NOISY
n1024-k3072-t7-ch8-spread	7	8	56	1	r2-v6-w4-p8	89.37575961604263	r2-v6-w8-p8	94.24181779225668	5.444494342894091	9.340205658047667	6	NUMERIC_PASS_TIMING_NOISY
n1024-k3072-t8-ch1-spread	8	1	64	1	r2-v6-w4-p8	91.67636163306959	r2-v7-w4-p8	97.75575724515048	6.631366585438236	8.178965091448683	6	NUMERIC_PASS_TIMING_NOISY
n1024-k3072-t8-ch8-spread	8	8	64	1	r2-v6-w4-p8	93.46787857286859	r2-v7-w4-p8	100.8624235788981	7.911322177131308	8.629119448060878	6	NUMERIC_PASS_TIMING_NOISY
n1024-k3072-t8-ch1-cluster	8	1	8	8	r2-v6-w4-p8	75.18060640855269	r2-v7-w2-p8	81.11212109074448	7.889687201986995	0.7174679404247614	6	NUMERIC_PASS_TIMING_MEASURED
n1024-k3072-t8-ch8-cluster	8	8	8	8	r2-v6-w4-p8	74.4866674596613	r2-v7-w2-p8	80.130909428452	7.577519791508158	0.06509308427446342	6	NUMERIC_PASS_TIMING_MEASURED
